sample_well	sample_substrate	sample_substrate_conc	sample_substrate_unit
S01	Glucose	100	mM
S02	Glucose	33.3333333333333	mM
S03	Glucose	11.1111111111111	mM
S04	Glucose	3.7037037037037	mM
S05	Glucose	1.23456790123457	mM
S06	Glucose	0.411522633744856	mM
S07	Glucose	0.137174211248285	mM
S08	Glucose	0.045724737082762	mM
S09	Glucose	0.015241579027587	mM
S10	Glucose	0.005080526342529	mM
S11	Glucose	0.001693508780843	mM
S12	Glucose	0	mM
