sample_well	sample_substrate	sample_substrate_conc	sample_substrate_unit
S01	Glutamate	100	mM
S02	Glutamate	33.3333333333333	mM
S03	Glutamate	11.1111111111111	mM
S04	Glutamate	3.7037037037037	mM
S05	Glutamate	1.23456790123457	mM
S06	Glutamate	0.411522633744856	mM
S07	Glutamate	0.137174211248285	mM
S08	Glutamate	0.045724737082762	mM
S09	Glutamate	0.015241579027587	mM
S10	Glutamate	0.005080526342529	mM
S11	Glutamate	0.001693508780843	mM
S12	Glutamate	0	mM